Part number,Description,Systems,Figures,Total qty
10-006030-120,M6 BOLT,CABIN,FIG 6.7,4
10-008020-120,M8 X 20 FLANGED BOLT,CABIN,FIG 6.14,3
10-008035-120,M8 BUTTON HEAD BOLT,HYDRAULIC,FIG 4.3,2
10-106014-121,M6 SIDE PANEL BOLT,COWLING & FENDER,FIG 7.2,72
10-106050-121,M6 HEX SCREW,HYDRAULIC,FIG 4.2,4
10-108130-121,A/C COMPRESSOR MOUNTING BOLTS,ENGINE,FIG 8.2,4
10-110120-121,M10 ALTERNATOR SCREW,ENGINE,FIG 8.2,1
10-206016-122,M6 FLANGE BOLT,ENGINE,FIG 8.4,6
10-208030-122,M8 BOLT,HYDRAULIC,FIG 4.3,2
10-210090-121,M10 BOLT,ENGINE,FIG 8.1,2
10-305025-123,M5 BOLT,FUEL SYSTEM,FIG 9.1,10
10-408010-122,M8 BUTTOM PANEL FLAT HEAD,COWLING & FENDER,FIG 7.2,20
10-504020-120,DOOR STOPPER SCREW,FRAME ASSY,FIG 2.2,4
10-710050-145,M12 THREADED ROD STUDS,FRAME ASSY,FIG 2.2,4
10-908025-121,"TORKS BUTTON HEAD SCREW, M8",TIRE & WHEEL,FIG 5.1,8
12-210000-12,M10 HEX FLANGED NUT,FRAME ASSY,FIG 2.1,3
12-610000-112,M10 THIN HEX NUT,CABIN,FIG 6.4 · FIG 6.5,2
13-110020-120,M10 WASHER,ENGINE,FIG 8.2,2
13-210027-120,M10 WASHER,ENGINE,FIG 8.1,2
17-00086,RIGHT LATCH CABLE,CABIN,FIG 6.6,1
17-00119,CABLE ASSEMBLY,CABIN,FIG 6.6,1
17-00125,LEFT PUSH TO CLOSE LATCH,CABIN,FIG 6.7,1
17-00126,RIGHT PUSH TO CLOSE LATCH,CABIN,FIG 6.7,1
17-00133,NON LOCKING PUSH BUTTON,CABIN,FIG 6.6 · FIG 6.8,2
17-00150,FRONT PUSH BUTTON HANDLE,CABIN,FIG 6.7,1
17-00151,REAR PUSH BUTTON HANDLE,CABIN,FIG 6.7,1
18-00042,M10 PRECISION SCREW,CABIN,FIG 6.8,4
18-00053,M10 ALLOY STEEL SHOULDER SCREWS,CABIN,FIG 6.7,2
18-00112,8.5MM SHOULDER SCREW,CABIN,FIG 6.11,4
18-00174,M10 X 45 SHOULDER BOLT,CABIN,FIG 6.4 · FIG 6.5,2
19-00081,VIBRATION DAMPING CLAMP,ENGINE,FIG 8.5,4
19-00212,OIL RESISTANT O-RING,TIRE & WHEEL,FIG 5.1,1
19-00235,VIBRATION DAMPING CLAMP,ENGINE,FIG 8.6,3
19-00340,PLUG,HYDRAULIC,FIG 4.1,1
19-00473,RUBBER MOUNT,ENGINE · HYDRAULIC,FIG 4.3 · FIG 8.6,8
19-00474,WASHER,ENGINE · HYDRAULIC,FIG 4.3 · FIG 8.6,12
19-00511,OIL RESISTANT O-RING,DRIVE SYSTEM · TIRE & WHEEL,FIG 3.1 · FIG 5.1,2
19-00532,CYLINDRIQUES AMC MECANOCAUCHO PLOTS,FUEL SYSTEM,FIG 9.1,4
19-00539,M8 GRIP KNOB,CABIN,FIG 6.11,2
19-00626,SLOTTED UNTHREADED SPACER,CABIN,FIG 6.17,4
19-00712,"HOSE/TUBE SEAL CLAMP 1-5/8"" TO 1-7/8""",ENGINE,FIG 8.6,1
19-00739,RADIATOR BUSHING SUPPORT,ENGINE · HYDRAULIC,FIG 4.2 · FIG 8.5,6
19-00798,ALUMINUM UNTHREADED SPACER,CABIN,FIG 6.17,4
23-00068,WHEEL LUG PLATE,TIRE & WHEEL,FIG 5.1,1
23-00157,WHEEL SEALING KIT,TIRE & WHEEL,FIG 5.1,1
30-00116,ELECTRONIC CARD PLATE,ELECTRIC,FIG 11.3,1
31-00368,BRASS BARBED HOSE FITTING,TIRE INFLATION SYSTEM,FIG 10.1,1
31-00379,OIL/FUEL TANK,FUEL SYSTEM,FIG 9.1,1
31-00394,LEVEL SENDER,FUEL SYSTEM,FIG 9.1,2
31-00417,"1-1/2"" FUEL FILL HOSE",FUEL SYSTEM,FIG 9.1,1
31-00422,FUEL SENDER TUBE,FUEL SYSTEM,FIG 9.1,2
31-00442,FUEL NECK,FUEL SYSTEM,FIG 9.1,1
31-00499,ALTERNATOR PULLEY,ENGINE,FIG 8.1,1
32-00169,DPF FLANGE,ENGINE,FIG 8.4,2
32-00198,DPF SUPPORT,ENGINE,FIG 8.4,2
32-00200,EXHAUST PIPE,ENGINE,FIG 8.4,1
32-00201,EXHAUST COOLING TIP,ENGINE,FIG 8.4,1
32-00203,DPF FLEX PIPE,ENGINE,FIG 8.4,1
32-00227,FLEX PIPE AND TURBO BLANKET,ENGINE,FIG 8.4,1
32-00228,EXHAUST PIPE BLANKET,ENGINE,FIG 8.4,1
34-00160,90 DEG ELBOW COUPLER HOSE,ENGINE,FIG 8.6,2
34-00161,SILICONE ELBOW COUPLER,ENGINE,FIG 8.5,3
34-00162,ELBOW 45O,ENGINE,FIG 8.5,1
34-00280,90 DEG ELBOW REDUCER HOSE,ENGINE,FIG 8.5,1
34-00576,LEVEL INDICATOR,HYDRAULIC,FIG 4.2,1
34-00582,RADIATOR,HYDRAULIC,FIG 4.2,1
34-00596,FAN MOTOR SUPPORT,HYDRAULIC,FIG 4.2,1
34-00599,FAN SHROUD,HYDRAULIC,FIG 4.2,1
34-00631,"CAC, SHROUD & FANS ASSEMBLY",ENGINE,FIG 8.6,1
34-00649,SILICONE COUPLER,ENGINE,FIG 8.6,1
34-00650,SILICONE STRAIGHT REDUCER COUPLER HOSE,ENGINE,FIG 8.6,1
34-00697,CHARGE AIR SUPPLY,ENGINE,FIG 8.6,1
34-00718,TENSION SPRING BAND CLAMP,ENGINE,FIG 8.5,11
34-00778,FAN SPACER,HYDRAULIC,FIG 4.2,2
34-00781,"RAD, SHROUD & MOTOR SUPPORT ASSY",ENGINE,FIG 8.5,1
34-00801,CHARGE AIR SUPPLY,ENGINE,FIG 8.6,1
34-00851,HYDRAULIC OIL COOLER,HYDRAULIC,FIG 4.3,1
34-00906,RADIATOR INLET PIPE,ENGINE,FIG 8.5,1
34-00907,RADIATOR INLET PIPE,ENGINE,FIG 8.5,1
34-00908,RADIATOR OUTLET PIPE,ENGINE,FIG 8.5,1
34-00909,CHARGE AIR RETURN,ENGINE,FIG 8.6,1
34-00910,CHARGE AIR RETURN,ENGINE,FIG 8.6,1
34-00945,COOLANT HOSE CONNECTOR,ENGINE,FIG 8.5,1
34-00946,RADIATOR MOUNT,ENGINE · HYDRAULIC,FIG 4.2 · FIG 8.5,6
34-00947,UPPER RADIATOR SUPPORT,ENGINE · HYDRAULIC,FIG 4.2 · FIG 8.5,4
34-00964,DOUBLE PULLEY,ENGINE,FIG 8.1,1
35-00092,"STAINLESS STEEL BOLT CLAMP 2-3/16"" TO 2-1/1""",ENGINE,FIG 8.6,7
35-00096,STAINLESS STEEL BOLT CLAMP,ENGINE,FIG 8.6,2
36-00136,FITTING,TIRE INFLATION SYSTEM,FIG 10.1,1
36-00283,BLOWER PIPE,TIRE INFLATION SYSTEM,FIG 10.2,1
36-00294,THREADED PIPE NIPPLE,TIRE INFLATION SYSTEM,FIG 10.1,1
36-00315,BLOWER INTAKE,TIRE INFLATION SYSTEM,FIG 10.2,1
36-00332,TIRE INFLATION MANIFOLD,TIRE INFLATION SYSTEM,FIG 10.1,1
36-00335,90 DEG THREAD TO HOSE BARB,TIRE INFLATION SYSTEM,FIG 10.1,1
36-00337,54MM IDLER PULLEY,ENGINE,FIG 8.1,1
36-00338,IDLER MOUNT,ENGINE,FIG 8.1,3
38-00010,ACCESSORY BELT,ENGINE,FIG 8.1,1
38-00013,ACCESSORY BELT,ENGINE,FIG 8.1,1
39-00142,BELT TENSIONER,ENGINE,FIG 8.1,2
39-00148,SUPPORT HYDRAULIC,ENGINE,FIG 8.3,5
39-00196,HATZ MAIN RELAY BOARD ASSY,ELECTRIC,FIG 11.3,1
39-00197,GLOW PLUG RELAY 12V,ELECTRIC,FIG 11.3,1
40-00011,HOLE PLUG FOR V-SERIES BK,ELECTRIC,FIG 11.3,4
40-00037,YELLOW DOME SWITCH,ELECTRIC,FIG 11.1,1
40-00047,ROCKER SWITCH SPDT,ELECTRIC,FIG 11.1 · FIG 11.3,3
41-00031,DANFOSS CONTROLLER,ELECTRIC,FIG 11.3,1
41-00080,KEYPAD 15 BUTTONS,ELECTRIC,FIG 11.3,1
43-00012,ECM HATZ,ELECTRIC,FIG 11.3,1
45-00012,COMMON BUSBAR,ELECTRIC,FIG 11.3,2
45-00013,FUSE HOLDER WITH COVER,ELECTRIC,FIG 11.3,4
45-00016,RELAY SOCKET WITH RELAY,ELECTRIC,FIG 11.3,7
46-00107,SPEED SENSOR,DRIVE SYSTEM,FIG 3.1,1
49-00021,INCLIOMETER,ELECTRIC,FIG 11.3,1
49-00069,JUNCTION BLOCK STUD,ELECTRIC,FIG 11.3,3
49-00097,RUBBER GROMMET,COWLING & FENDER,FIG 7.1,10
49-00176,FUSE BOX,ELECTRIC,FIG 11.3,2
49-00306,MINI POWER DISTRIBUTION MODULE,ELECTRIC,FIG 11.3,1
49-00370,ECM HATZ SUPPORT,ELECTRIC,FIG 11.3,1
49-00467,ALTERNATOR,ENGINE,FIG 8.2,1
49-00626,ELECTRICAL PANEL,ELECTRIC,FIG 11.3,1
49-00697,ELECTRIC PANEL,ELECTRIC,FIG 11.3,1
49-00698,ELECTRIC PANEL,ELECTRIC,FIG 11.3,2
50-00026,CHARGE PUMP,HYDRAULIC,FIG 4.4,1
50-00035,HYDROSTATIC PUMP REAR,HYDRAULIC,FIG 4.1,1
50-00036,HYDROSTATIC PUMP FRONT,HYDRAULIC,FIG 4.1,1
51-00045,HYDRAULIC MOTOR (POCLAIN MSE08),DRIVE SYSTEM,FIG 3.1,1
52-00031,THERMOSTATIC VALVE,HYDRAULIC,FIG 4.1,1
52-00103,FAN RELIEF,ENGINE · HYDRAULIC,FIG 4.2 · FIG 8.5,2
53-00101,TANK CONNECTION COVER,FUEL SYSTEM,FIG 9.1,1
53-00102,TANK VENT VALVE,FUEL SYSTEM,FIG 9.1,2
53-00113,OIL COOLER RETURN FITTING,FUEL SYSTEM,FIG 9.1,2
54-00047,HYD. TEE FITTING,HYDRAULIC,FIG 4.1,1
54-00098,HYDRAULIC HOSE ADPATER,HYDRAULIC,FIG 4.1,1
54-00103,90 DEG HYD. FITTING,HYDRAULIC,FIG 4.2,1
54-00251,HYDRAULIC HOSE ADAPTER,HYDRAULIC,FIG 4.1,4
54-00385,HYDRAULIC HOSE FITTING,HYDRAULIC,FIG 4.1,4
54-00457,HYD. FITTING,HYDRAULIC,FIG 4.1,1
54-00460,ELBOW 90O O-RING BOSS O JIC,HYDRAULIC,FIG 4.3,2
54-00618,45 DEG HYD. FITTING,HYDRAULIC,FIG 4.1,4
54-00749,HYD. STAUFF TEST POINT FITTING,HYDRAULIC,FIG 4.1,1
54-00800,HYDRAULIC HOSE ADAPTER,HYDRAULIC,FIG 4.1,2
54-00901,HYDRAULIC HOSE ADAPTER,HYDRAULIC,FIG 4.1,2
54-00968,HYD. FITTING,FUEL SYSTEM,FIG 9.1,4
54-00978,HYD. FITTING PLUG,FUEL SYSTEM,FIG 9.1,1
54-00979,HYD. FITTING PLUG,FUEL SYSTEM,FIG 9.1,1
54-00980,HYD. FITTING PLUG,FUEL SYSTEM · HYDRAULIC,FIG 4.1 · FIG 9.1,4
54-01032,HYD. FITTING,HYDRAULIC,FIG 4.1,2
54-01083,90 DEG HYD. FITTING,HYDRAULIC,FIG 4.1,1
54-01131,HYD. FITTING,HYDRAULIC,FIG 4.1,1
54-01155,HYD. FITTING,HYDRAULIC,FIG 4.3,2
54-01350,45 DEG HYD. FITTING,FUEL SYSTEM,FIG 9.1,2
56-00019,MANIFOLD,HYDRAULIC,FIG 4.1,1
56-00035,PRESSURE TRANSMITTER,HYDRAULIC,FIG 4.1,2
56-00066,HYDRAULIC MOTOR SOUND COVER,DRIVE SYSTEM,FIG 3.1,4
56-00085,GEAR PUMP ADAPTER KIT (DRIVING PARTS),HYDRAULIC,FIG 4.4,1
56-00086,GEAR PUMP MOUNTING O-RING,HYDRAULIC,FIG 4.4,1
59-00037,HIGH PRESSURE FILTER SUPPORT,HYDRAULIC,FIG 4.1,1
59-00126,VALVE BLOCK SUPPORT,HYDRAULIC,FIG 4.2,1
60-00452,FUEL HOSE COVER,COWLING & FENDER,FIG 7.1,1
60-00513,LEFT RADIATOR PANEL,COWLING & FENDER,FIG 7.1,1
60-00521,REAR FLOOR,CABIN,FIG 6.12,1
61-00044,FRONT DOOR CATCH STIFFENER,CABIN,FIG 6.6,1
61-00115,FRONT CAR OPERATOR LEFT WINDOW,CABIN,FIG 6.1,1
61-00121,FRONT CAR PASSENGER LEFT WINDOW,CABIN,FIG 6.1,1
61-00126,FRONTCAR PASSSENGER RIGHT WINDOW,CABIN,FIG 6.1,1
61-00127,FRONT CAR OPERATOR RIGHT WINDOW,CABIN,FIG 6.1,1
61-00139,LEFT A PILLAR WINDOW,CABIN,FIG 6.1,1
61-00140,RIGHT A PILLAR WINDOW,CABIN,FIG 6.1,1
61-00141,REAR WINDOW,CABIN,FIG 6.1 · FIG 6.7,2
61-00143,REAR HATCH ASSEMBLY,CABIN,FIG 6.7,0
61-00144,REAR DOOR HINGE,CABIN,FIG 6.7,2
61-00145,REAR WINDOW FRAME,CABIN,FIG 6.7,1
61-00146,REAR WINDOW CABLE COVER,CABIN,FIG 6.7,1
61-00147,DOUBLE CABLE HOLDER,CABIN,FIG 6.7,2
62-00186,SIDE HINGE,CABIN,FIG 6.2,2
62-00192,CENTER HINGE,CABIN,FIG 6.2,1
62-00307,STRIKER BOLT PLATE,CABIN,FIG 6.6,2
62-00677,PUSH BUTTON SUPPORT,CABIN,FIG 6.6,1
62-00678,RING CABLE SUPPORT,CABIN,FIG 6.6 · FIG 6.8,2
62-00679,CABLE PULLER,CABIN,FIG 6.6,1
62-00726,FRONT DOOR,CABIN,FIG 6.6,1
62-00728,FRONT DOOR LID,CABIN,FIG 6.6,1
62-00800,TAIL GATE,CABIN,FIG 6.8,1
62-00805,REAR LADDER,CABIN,FIG 6.8,1
62-00806,REAR DOOR LID,CABIN,FIG 6.8,1
62-00807,REAR GATE - LOWER SECTION ASSEMBLY,CABIN,FIG 6.8,0
62-00809,SUPPORT PUSH BUTTON,CABIN,FIG 6.8,1
62-00827,GAS SPRING SUPPORT CAB SIDE,CABIN,FIG 6.2,2
62-00829,DOOR LATCH COVER,CABIN,FIG 6.6 · FIG 6.8,4
62-00850,WINDSHIELD LATCH COVER,CABIN,FIG 6.6,1
62-00881,DOOR STOPPER SHIM,FRAME ASSY,FIG 2.1 · FIG 2.2,4
63-00846,AIR DEFLECTOR,COWLING & FENDER,FIG 7.1,1
63-01068,RIGHT REAR LIGHT SUPPORT,COWLING & FENDER,FIG 7.1,1
63-01069,RIGHT REAR LIGHT BOX,COWLING & FENDER,FIG 7.1,1
63-01145,LEFT HEADLIGHT COVER,COWLING & FENDER,FIG 7.1,1
63-01146,RIGHT HEADLIGHT COVER,COWLING & FENDER,FIG 7.1,1
63-01147,LEFT HEADLIGHT,COWLING & FENDER,FIG 7.1,1
63-01148,RIGHT HEADLIGHT,COWLING & FENDER,FIG 7.1,1
63-01194,SIDE AIR GRILLE ASSY,COWLING & FENDER,FIG 7.1,2
65-00367,ENGINE PANEL SEAL REAR,CABIN,FIG 6.12,1
65-00450,ENGINE BAY COVER,CABIN,FIG 6.12,2
65-00451,ENGINE PANEL SEAL FRONT,CABIN,FIG 6.12,2
65-00461,ENGINE BAY SOUND COVER,CABIN,FIG 6.12,1
67-00127,LEFT FRONT SEAT SUPPORT,CABIN,FIG 6.11,1
67-00129,TOP PLATE,CABIN,FIG 6.11,4
67-00130,RIGHT FRONT SEAT SUPPORT,CABIN,FIG 6.11,1
67-00138,SEAT BACK,CABIN,FIG 6.13,1
67-00144,PLATE FOR BRACKET,CABIN,FIG 6.11,2
68-00122,HEATER 12 VOLT,CABIN · ELECTRIC,FIG 6.16 · FIG 11.1,2
69-00062,FRONT FLOOR BUCKET,CABIN,FIG 6.12,1
70-01422,ROOF BRACKET,CABIN,FIG 6.17,4
70-01766,BOTTOM ACCESS PANEL,COWLING & FENDER,FIG 7.2,2
70-01785,RIGHT FRONT ENGINE SUPPORT,ENGINE,FIG 8.3,1
70-02236,ENGINE ACCESSORY SUPPORT,ENGINE,FIG 8.3,1
70-02269,SIDE ACCESS PANEL,COWLING & FENDER,FIG 7.2,4
70-02270,RECEIVER HITCH BUMPER,FRAME ASSY,FIG 2.1,1
80-00013,WINCH MOUNTED HITCH RECEIVER,FRAME ASSY,FIG 2.2,1
81-00434,LEFT FORWARD FACING SEAT FRAME,CABIN,FIG 6.13,1
81-00435,RIGHT FORWARD FACING SEAT FRAME,CABIN,FIG 6.13,1
82-00451,ROOF RACK LADDER,CABIN,FIG 6.9,1
84-00106,LEFT A/C PLENUM,CABIN,FIG 6.17,1
84-00111,RIGHT A/C PLENUM,CABIN,FIG 6.17,1
84-00160,LEFT A/C PLENUM BAFFLE,CABIN,FIG 6.17,1
84-00161,RIGHT A/C PLENUM BAFFLE,CABIN,FIG 6.17,1
84-00162,#10 STRAIGHT BULKHEAD UNION FITTING,CABIN,FIG 6.17,1
84-00163,#8 BULKHEAD REFRIGERANT FITTING,CABIN,FIG 6.17,1
84-00169,A/C WALL HOSES COVER,CABIN,FIG 6.17,1
84-00172,ACCESSORY BELT,ENGINE,FIG 8.1,1
84-00210,MINIBUS AIR CONDITIONNER,CABIN,FIG 6.17,2
84-00249,A/C COMPRESSOR TM21,CABIN · ENGINE,FIG 6.17 · FIG 8.2,2
84-00279,A/C CONTROLLER BEZEL,CABIN · ELECTRIC,FIG 6.17 · FIG 11.3,2
84-00311,A/C DIAL CONTROLLER,CABIN · ELECTRIC,FIG 6.17 · FIG 11.3,2
84-00313,A/C DIRECTIONAL LOUVER,CABIN,FIG 6.17,8
84-00314,A/C DIAL CONTROLER RETROFIT,ELECTRIC,FIG 11.3,1
85-00034,SURACE MOUNT RIGHT SIDE CAMERA,ELECTRIC,FIG 11.5,1
85-00067,GROTE SEARCH LIGHT,ELECTRIC,FIG 11.4,1
86-00060-1,FRONT SECURE CONDUIT RACK,CABIN,FIG 6.18,2
86-00060-2,REAR SECURE CONDUIT RACK,CABIN,FIG 6.18,2
86-00180,FRONT LEFT HOT STICK HOLDER,CABIN,FIG 6.18,1
86-00182,FRONT RIGHT HOT STICK HOLDER,CABIN,FIG 6.18,1
86-00184,REAR LEFT HOT STICK HOLDER,CABIN,FIG 6.18,1
86-00186,REAR RIGHT HOT STICK HOLDER,CABIN,FIG 6.18,1
86-00189,UPPER CLAMPING HANGER,CABIN,FIG 6.18,4
86-00240,SEARCH LIGHT SUPPORT,CABIN,FIG 6.9,1
86-00286,ENGINE GRILL SNOW PROTECTOR,CABIN,FIG 6.9,2
86-00290,ROOF RACK CROSS BARS,CABIN,FIG 6.9,2
87-00107,WARN 81400 CONTACTOR,FRAME ASSY,FIG 2.2,1
87-00136,WINCH FAIRLEAD,FRAME ASSY,FIG 2.2,1
87-00195,WINCH REMOTE,FRAME ASSY,FIG 2.2,1
87-00320,FRONT WINCH BUMPER,FRAME ASSY,FIG 2.2,1
87-00321,5/8'' ALLEN L - WRENCH HEX END,CABIN · COWLING & FENDER,FIG 6.15 · FIG 7.2,2
87-00329,WARN WINCH ROPE 8000 LBS 100FT,FRAME ASSY,FIG 2.2,1
87-00332,ROLLER TYPE FAIRLEAD 10'',FRAME ASSY,FIG 2.2,1
87-00353,TOOL POUCH BLACK,CABIN,FIG 6.15,1
88-00039,STUDS FOR ICE - 4 TIRES,TIRE & WHEEL,FIG 5.2,1
88-00195,WEBASTO ENGINE & TANK HEATER,CABIN,FIG 6.16,1
89-00056,FRONT CAMERA SHIM,ELECTRIC,FIG 11.5,1
89-00093,12V FEET HEATER,CABIN,FIG 6.16,1
89-00141,HEAT PROBE 8'' INSERT (WEBASTO),FUEL SYSTEM,FIG 9.1,1
89-00193,WEBASTO CONTROL DIAL,ELECTRIC,FIG 11.3,1
92-00094,FT3/FT5 POCLAIN INSTALLATION TOOL,ACCESSORIES,FIG 12.1,1
96-00071,USER MANUAL,CABIN,FIG 6.15,1
TBD,TALL TIRES UPCOMING OPTION,TIRE & WHEEL,FIG 5.2,4
